sido_short,sigungu,registration,total_chargers,fast_chargers,slow_chargers,apt_charger_count,apt_charger_ratio,log_reg,expected_total,gap_pct_total,expected_fast,gap_pct_fast,expected_slow,gap_pct_slow,n_reported,ok_rate,broken_rate,busy_rate,n_kw_reported,avg_kw,log_pop,apt_ratio,old_housing_ratio,parking_ratio,subsidy_receipt_rate,budget_exec_rate,is_deficit
강원,강릉시,3671.0,1473,273,1200,634,0.4304141208418194,8.208219383496834,1332.2519798525116,10.564669617760302,141.38587844742074,93.08859059890098,1172.1281613742233,2.377883199487263,2479.0,92.33561920129084,3.0254134731746674,12.101354303189165,50.0,92.0,12.266000554110061,60.7,33.91466734074823,83.1,49.0,49.0,0.0
강원,고성군,364.0,228,62,166,44,0.19298245614035087,5.8971538676367405,111.90590089727878,103.74260711174372,37.369537168740344,65.9105375590872,70.59365052354798,135.14862706331817,339.0,86.72566371681415,2.949852507374631,13.945578231292515,25.0,150.0,10.231855610259325,22.6,38.60686427457098,81.3,102.0,102.0,0.0
강원,동해시,872.0,476,56,420,286,0.6008403361344538,6.77078942390898,285.43339342850123,66.76394947434004,61.79775566032755,-9.381822362926929,204.18916325099863,105.69162109926316,851.0,94.35957696827262,1.8801410105757932,9.090909090909092,24.0,154.16666666666666,11.358293002437652,68.2,35.193345432546884,85.8,49.0,49.0,0.0
강원,삼척시,729.0,507,142,365,154,0.3037475345167653,6.591673732008658,235.57633789623577,115.21686113624794,55.742228778044485,154.7440299981876,164.233660237403,122.24433132184065,825.0,89.6969696969697,5.212121212121213,9.054054054054054,57.0,114.03508771929825,11.050143695207472,48.8,39.62709607494,84.1,77.0,77.0,0.0
강원,속초시,887.0,506,83,423,210,0.4150197628458498,6.787844982309579,290.69907121966753,74.06316362725485,62.40760159094125,32.99661881582041,208.46722231541736,102.90959667510124,1120.0,94.375,3.0357142857142856,14.096499526963102,28.0,137.5,11.286752329095654,73.0,30.43272538196944,87.4,286.0,286.0,0.0
강원,양구군,336.0,67,34,33,17,0.2537313432835821,5.817111159963204,102.70591336475404,-34.765197246186375,35.68640655946284,-4.72562726833492,64.04780322892645,-48.47598459849139,140.0,91.42857142857143,1.4285714285714286,9.375,24.0,181.25,9.925395804585008,29.4,34.52022471910112,88.4,54.0,47.0,1.0
강원,양양군,359.0,184,60,124,58,0.31521739130434784,5.883322388488279,110.2592004804676,66.8794977636316,37.073118509882185,61.84233323669937,69.41651682915867,78.63183816205732,319.0,84.63949843260188,5.329153605015674,18.14814814814815,31.0,182.25806451612902,10.191931834432474,29.8,28.210205856770077,88.5,76.0,76.0,0.0
강원,영월군,392.0,162,37,125,33,0.2037037037037037,5.971261839790462,121.15687996512798,33.71093746110638,38.99856457234742,-5.124713163839201,77.24912830658079,61.814123654456,282.0,89.00709219858156,3.546099290780142,17.928286852589643,23.0,158.69565217391303,10.475850322817688,25.4,38.608,82.3,61.0,60.0,0.0
강원,원주시,5179.0,2782,336,2446,1874,0.6736161035226456,8.552367266423891,1926.5360745657586,44.40425158542973,172.36979422968716,94.92974479755507,1781.06696575713,37.333410086588614,4689.0,93.43143527404564,2.3245894647046277,11.960739557178726,70.0,103.57142857142857,12.809623292278363,77.5,20.53458515611095,88.7,73.0,71.0,0.0
강원,인제군,418.0,301,74,227,31,0.10299003322259136,6.035481432524756,129.7897579468048,131.91352288627186,40.46754969388455,82.86256657438014,83.52194738955521,171.78485068271692,353.0,91.21813031161473,1.9830028328611897,11.180124223602485,31.0,148.38709677419354,10.347115121738641,29.1,27.46760160274757,78.6,63.0,63.0,0.0
강원,정선군,354.0,180,66,114,24,0.13333333333333333,5.869296913133774,108.614145671451,65.72426997168989,36.77494320003772,79.47002566664008,68.24291477111291,67.05030900622664,510.0,93.92156862745098,2.549019607843137,18.37160751565762,38.0,146.05263157894737,10.389087671750044,30.8,42.39103763323907,82.9,98.0,91.0,0.0
강원,철원군,541.0,147,45,102,46,0.3129251700680272,6.293419278846481,171.12085593230046,-14.095801356816063,46.9466902241899,-4.146597374370053,114.28470107220366,-10.749208736559002,289.0,88.58131487889274,2.768166089965398,8.59375,31.0,130.6451612903226,10.598358246992348,28.9,38.11291537439078,88.7,100.0,100.0,0.0
강원,춘천시,4801.0,1877,239,1638,1174,0.6254661694192861,8.476579508530941,1776.233928945198,5.673018030605981,165.00998506615156,44.83971979282724,1624.2968385916947,0.8436365252170397,3460.0,93.15028901734104,2.8901734104046244,10.456096804219671,97.0,128.8659793814433,12.583765654292133,71.4,23.550744452495863,84.8,103.0,103.0,0.0
강원,태백시,420.0,124,48,76,39,0.31451612903225806,6.040254711277414,130.45545507454304,-4.948397957643358,40.57891963067317,18.2880185989903,84.00803656348175,-9.532464858204815,385.0,93.24675324675324,3.6363636363636362,11.699164345403899,15.0,90.0,10.534493336558224,56.8,47.32284130982368,85.3,57.0,56.0,0.0
강원,평창군,564.0,518,102,416,133,0.25675675675675674,6.335054251498059,178.9298531884591,189.49892417025174,48.08569744359867,112.12128641710817,120.2183506534813,246.03702158506815,601.0,82.86189683860233,7.653910149750416,13.855421686746988,31.0,137.09677419354838,10.57172709738989,19.7,24.22387533078506,88.5,65.0,65.0,0.0
강원,홍천군,781.0,357,87,270,46,0.12885154061624648,6.660575149839686,253.63154108918224,40.755364442023875,57.99804027843547,50.00506841667871,178.58341879189632,51.189848322162334,620.0,87.25806451612902,2.5806451612903225,12.384473197781885,47.0,169.14893617021278,11.093143355967271,27.6,25.83281619773863,87.8,110.0,100.0,0.0
강원,화천군,305.0,83,20,63,9,0.10843373493975904,5.720311776607412,92.58447496436284,-10.352140537657151,33.75187202826882,-40.7440275216467,56.93712734460709,10.648364148577238,128.0,71.875,0.78125,10.869565217391305,17.0,144.11764705882354,10.011354923405134,27.4,35.755254777070064,85.4,56.0,50.0,0.0
강원,횡성군,698.0,303,61,242,83,0.2739273927392739,6.548219102762372,224.85616928906668,34.75280707574206,54.36487318918094,12.204805091202719,155.78252928201803,55.34476241677895,411.0,91.72749391727494,2.18978102189781,11.405835543766578,29.0,124.13793103448276,10.735243837295545,23.0,24.02669121030833,88.5,68.0,68.0,0.0
경기,가평군,823.0,445,72,373,91,0.20449438202247192,6.71295620067707,268.2780291715107,65.87269608854574,59.773866004673735,20.453978992040266,190.32576176464582,95.97977517160633,699.0,77.53934191702432,5.293276108726753,9.040590405904059,14.0,142.85714285714286,11.008479448168277,25.0,22.026143790849673,89.9,102.0,102.0,0.0
경기,고양시 덕양구,4789.0,1708,168,1540,1250,0.7318501170960188,8.47407690034261,1771.4759908586723,-3.5832261451031022,164.77238991327613,1.9588294424949693,1619.3624246849024,-4.900843904683338,5166.0,95.81881533101046,1.780874951606659,11.878787878787879,18.0,125.0,13.086624276399546,77.5,12.019380266799342,91.3,102.0,99.0,0.0
경기,고양시 일산동구,4435.0,1858,117,1741,1438,0.7739504843918191,8.39728289474368,1631.5106296986685,13.882187843493421,157.64561230714438,-25.782901098416644,1475.0200501866848,18.032293851168447,3603.0,95.33721898417986,0.832639467110741,13.653566229985445,8.0,143.75,12.572720692340017,76.2,12.334776163652537,92.6,102.0,99.0,0.0
경기,고양시 일산서구,3098.0,1627,140,1487,1251,0.768899815611555,8.038512020976814,1110.6892331963736,46.48561914278871,128.2242713374511,9.183697079906494,953.6127432438868,55.93331890067865,2708.0,95.34711964549483,1.55096011816839,13.439194422927963,36.0,137.5,12.520678984919815,88.6,7.492664555336814,95.4,102.0,99.0,0.0
경기,과천시,1362.0,347,91,256,124,0.3573487031700288,7.216709486709457,460.328140143619,-24.618990294241293,79.88702462123786,13.910864037622162,351.1333578766012,-27.09322704396372,973.0,94.45015416238438,2.9804727646454263,17.73667029379761,10.0,155.0,11.304830611857536,83.0,17.70599788487687,79.4,81.0,78.0,0.0
경기,광명시,2472.0,1084,96,988,754,0.6955719557195572,7.812782818577581,872.0115192854389,24.310284443062514,112.59679512453991,-14.74002444401965,724.7534030919415,36.32222984880047,2467.0,97.24361572760438,1.2971220105391164,16.840350145894124,6.0,166.66666666666666,12.514920386503473,81.5,39.14270881251232,90.1,84.0,80.0,0.0
경기,광주시,4680.0,1434,100,1334,1123,0.7831241283124128,8.451053388911692,1728.2974916103487,-17.02817327682029,162.60254856923075,-38.50034893061757,1574.6642722126296,-15.28352909629821,2838.0,94.96124031007753,1.4799154334038054,13.543599257884972,16.0,153.125,12.90504035390505,43.4,3.81769393725411,92.6,87.0,87.0,0.0
경기,구리시,1635.0,909,59,850,710,0.7810781078107811,7.399398083331354,559.8913030034159,62.35294156631221,88.74788959244316,-33.51954590588504,438.4590611146417,93.86074445334698,1649.0,95.75500303214069,1.3947847180109159,13.996200126662444,12.0,158.33333333333334,12.112322248631774,80.3,15.577755161994292,87.6,74.0,69.0,0.0
경기,군포시,1905.0,925,106,819,702,0.7589189189189189,7.552237287560802,659.5472284501034,40.2477275469256,96.91163030144632,9.377996913563468,527.9903173400803,55.116480947221504,1736.0,94.81566820276498,1.497695852534562,14.094775212636696,15.0,116.66666666666667,12.461141129628757,81.6,32.657112110592976,88.2,80.0,78.0,0.0
경기,김포시,7877.0,3226,222,3004,2655,0.8230006199628023,8.971702399703325,3019.711009370279,6.831414992679696,219.44064517903072,1.1663084652714373,2965.3993445733036,1.3017017588992097,6363.0,96.38535282099639,1.2572685840012574,12.718082504483942,39.0,138.46153846153845,13.121434946545751,83.7,4.22082873245092,94.9,76.0,72.0,0.0
경기,남양주시,8089.0,4420,271,4149,3800,0.8597285067873304,8.998260393017953,3106.90054496006,42.26396809418374,222.82195023879262,21.621770076770353,3062.706829424625,35.46840200762706,7925.0,94.46056782334384,3.558359621451104,14.37349719476356,44.0,135.22727272727272,13.484760916019402,79.1,8.939940072354114,93.9,111.0,108.0,0.0
경기,동두천시,815.0,452,42,410,374,0.827433628318584,6.703188113240863,265.48399747549416,70.25508290446862,59.4386324110677,-29.338885677020656,188.07893917899145,117.99357322502235,618.0,98.54368932038835,0.6472491909385114,9.523809523809524,7.0,85.71428571428571,11.401613943818962,59.2,22.51870122362463,87.9,260.0,255.0,0.0
경기,부천시,6291.0,2333,230,2103,1715,0.7351050150021432,8.74687531957003,2373.094069247954,-1.6895271775155485,192.79618640154163,19.29696551205271,2256.200609237276,-6.790203344952839,4885.0,95.0460593654043,1.4329580348004094,14.042644841697177,19.0,155.26315789473685,,,,,,,
경기,성남시 분당구,8237.0,3421,256,3165,2670,0.7804735457468577,9.016391478941248,3167.866281452993,7.990669304100262,225.1602380612562,13.696806418526553,3130.966208084145,1.0870060439483575,6274.0,94.37360535543513,1.4823079375199235,20.84107414288127,19.0,105.26315789473684,13.012369924022774,88.3,30.207332591445713,94.4,90.0,90.0,0.0
경기,성남시 수정구,2173.0,1101,86,1015,670,0.6085376930063578,7.6838639802564295,759.4763846431865,44.96829951036152,104.54169026594305,-17.736168430771436,619.6164866612742,63.81100597713279,2232.0,86.60394265232975,1.9265232974910396,15.002586652871186,9.0,88.88888888888889,12.417103128960582,57.0,26.30610450077599,70.9,90.0,90.0,0.0
경기,성남시 중원구,1862.0,743,88,655,462,0.6218034993270525,7.529406457837013,643.6041212226212,15.443636157668106,95.64603862414529,-7.994098589060739,513.5368436052487,27.546836834845067,1827.0,91.68035030103997,2.2988505747126435,16.955223880597014,10.0,140.0,12.235422688118861,55.8,27.58430861389983,71.0,90.0,90.0,0.0
경기,수원시 권선구,4671.0,1754,188,1566,1379,0.7862029646522235,8.449128460502108,1724.7354971570103,1.6967530900377614,162.42243408839502,15.747557321844429,1570.9835562323226,-0.31722523208801423,3327.0,95.31109107303878,1.2623985572587917,10.911384421318196,14.0,114.28571428571429,12.822878592833396,72.6,13.390155537648058,86.1,87.0,84.0,0.0
경기,수원시 영통구,4233.0,2390,296,2094,1715,0.7175732217573222,8.350666240520924,1551.9982203304148,53.995021946041774,153.4706259851063,92.87078429505175,1393.7503796138371,50.24211154512326,4606.0,90.7077724706904,2.8875379939209727,16.49114408808042,14.0,153.57142857142858,12.806967466385032,91.6,11.977789262358623,93.9,87.0,84.0,0.0
경기,수원시 장안구,2297.0,857,114,743,630,0.73512252042007,7.739359202689098,806.0197376459523,6.324939697251053,107.9359830452596,5.618160676034822,662.8627995652322,12.089560688475709,1743.0,95.754446356856,0.8605851979345954,9.946075494307967,14.0,178.57142857142858,12.545440685263411,68.3,22.86017320152188,85.4,87.0,84.0,0.0
경기,수원시 팔달구,1793.0,716,115,601,473,0.6606145251396648,7.491645473605133,618.0764308527827,15.843278316260756,93.58898756200038,22.877704947727274,490.49473400216505,22.52934809231757,1606.0,94.52054794520548,1.432129514321295,12.779973649538867,,,12.249213549300906,64.0,22.520357006362268,81.1,87.0,84.0,0.0
경기,시흥시,4941.0,2775,252,2523,2177,0.7845045045045045,8.50532301884575,1831.80577849196,51.48985949179219,167.76355447668797,50.21140961520181,1682.0602987568086,49.99462277688382,5588.0,94.70293486041518,1.6821760916249107,10.298563869992442,37.0,100.0,13.256862801335322,81.8,7.5991276545354065,88.7,78.0,78.0,0.0
경기,안산시 단원구,3226.0,1556,190,1366,865,0.5559125964010283,8.078998258685154,1159.9458652131425,34.14419126482957,131.24837508125628,44.763696984721065,1001.7242768232171,36.36486921650894,3394.0,94.72598703594579,1.060695344725987,9.17573872472784,53.0,155.66037735849056,12.774854864504595,65.2,22.353911684139575,86.9,75.0,73.0,0.0
경기,안산시 상록구,2329.0,636,69,567,355,0.5581761006289309,7.753194269884341,818.0606367392146,-22.255151826508524,108.79921153539104,-36.58042275650577,674.10626570347,-15.888632275461523,1284.0,95.87227414330218,1.4018691588785046,13.078797725426483,31.0,129.03225806451613,12.76089984359094,43.5,20.45581705150977,76.3,75.0,73.0,0.0
경기,안성시,2423.0,1088,205,883,599,0.5505514705882353,7.792761720816526,853.4989412663097,27.475260647162436,111.30628772387462,84.17647753068363,707.325655442457,24.83641632476239,2555.0,90.37181996086106,5.8317025440313115,10.697271546123863,48.0,134.375,12.28182462270963,63.8,18.73684662576687,90.6,62.0,60.0,0.0
경기,안양시 동안구,3285.0,1303,101,1202,875,0.671527244819647,8.09712193091871,1182.6977220765564,10.171853355075333,132.62512603816276,-23.84550121299237,1024.0407479762966,17.37814167799332,2677.0,94.91968621591333,0.8965259618976467,16.450216450216452,11.0,172.72727272727272,12.662927710020634,87.5,42.17918337586584,91.7,102.0,100.0,0.0
경기,안양시 만안구,2070.0,636,58,578,442,0.6949685534591195,7.635303886259415,720.9596699599124,-11.784247233224077,101.65925718141452,-42.946661614399794,584.0955956004287,-1.0435955426376209,1553.0,95.68576947842885,1.2234385061171926,15.343203230148047,7.0,142.85714285714286,12.345747627602655,62.5,25.934174242750657,83.3,102.0,100.0,0.0
경기,양주시,3817.0,1668,131,1537,1340,0.8033573141486811,8.247220052745229,1389.1208978760112,20.075941737713364,144.5966593845433,-9.403162868641434,1229.042482018066,25.056702472665805,4115.0,95.57715674362089,1.8226002430133657,11.238240528858377,20.0,175.0,12.587927887999204,81.1,7.029745572461961,94.1,73.0,73.0,0.0
경기,양평군,2068.0,461,87,374,147,0.3188720173535792,7.63433723562832,720.2131118207636,-35.99116810931831,101.60269281012336,-14.372348218578313,583.4095766301339,-35.894093106890146,752.0,88.43085106382979,4.122340425531915,11.578947368421053,29.0,122.41379310344827,11.708673153202595,23.3,14.6996391845571,86.1,70.0,70.0,1.0
경기,여주시,1700.0,589,80,509,304,0.5161290322580645,7.438383530044307,583.7814708268525,0.8939182611870322,90.7625006846156,-11.857871481542226,459.7405451912266,10.714620523252783,1052.0,90.49429657794677,4.657794676806084,15.021008403361344,17.0,102.94117647058823,11.673997848725008,37.9,23.45216484729547,89.4,65.0,65.0,0.0
경기,연천군,652.0,146,53,93,33,0.22602739726027396,6.480044561926653,209.01215996576212,-30.147604797770633,52.27224432945403,1.3922411021022318,143.39155372282167,-35.14262340739358,316.0,84.49367088607595,4.113924050632911,9.363295880149813,21.0,157.14285714285714,10.606238469238768,32.0,35.4553706505295,86.8,67.0,61.0,1.0
경기,오산시,2461.0,1173,115,1058,924,0.7877237851662404,7.8083230503910555,867.8533223524521,35.1610888370399,112.30804100437082,2.3969423485219687,720.8345087686761,46.774327134707725,2975.0,96.97478991596638,1.546218487394958,9.774696707105718,12.0,120.83333333333333,12.44536903449918,83.2,9.340350395053248,89.8,73.0,71.0,0.0
경기,용인시 기흥구,6929.0,3238,156,3082,2651,0.8187152563310686,8.843470781627381,2631.9480668530223,23.026743604087297,203.82263001717612,-23.462865734362325,2537.3403815805073,21.46576873853341,6449.0,94.47976430454335,1.8762598852535277,14.623338257016247,11.0,90.9090909090909,12.970349080551639,86.7,3.493230435306885,94.0,80.0,79.0,0.0
경기,용인시 수지구,4440.0,2703,68,2635,2433,0.9001109877913429,8.39840965542627,1633.4821076949981,65.47472343080607,157.7479184706972,-56.893250535897565,1477.0419746070277,78.39709671765091,4973.0,96.03860848582345,0.9652121455861653,11.369346733668342,8.0,150.0,12.798625710854417,92.7,0.1770789594615294,97.1,80.0,79.0,0.0
경기,용인시 처인구,4202.0,1373,158,1215,822,0.5986890021849963,8.343315881404946,1539.8195944270894,-10.833710327550216,152.82249542043436,3.3879204532825113,1381.3512163553826,-12.0426445053048,2703.0,88.86422493525711,6.807251202367739,13.030807660283097,27.0,124.07407407407408,12.564701179967729,50.8,12.857803561033382,88.5,80.0,79.0,0.0
경기,의왕시,1764.0,824,135,689,536,0.6504854368932039,7.475339236566737,607.3682794756917,35.66727599131696,92.71442933341814,45.60840310467227,480.8669064923199,43.282889859463495,1745.0,93.92550143266476,2.005730659025788,13.361805979255644,5.0,70.0,11.927059555302119,85.5,10.17550298184678,91.9,83.0,81.0,0.0
경기,의정부시,3805.0,2200,132,2068,1900,0.8636363636363636,8.244071270295786,1384.4407653295266,58.908929518292005,144.33474784161373,-8.545930918277078,1224.34660863011,68.90641795576435,4180.0,92.20095693779903,4.449760765550239,12.714063310845875,13.0,111.53846153846153,13.03137902769101,78.5,15.550509648994204,89.7,82.0,77.0,0.0
경기,이천시,2779.0,1177,204,973,677,0.5751911639762107,7.929846429742503,988.5802009385911,19.059637132375997,120.44758827862474,69.36827288571199,835.5995004642303,16.443343905714958,2114.0,94.6073793755913,1.7029328287606436,12.9,34.0,126.47058823529412,12.346655989593016,52.2,20.639240973640817,89.5,79.0,75.0,0.0
경기,파주시,6412.0,2570,219,2351,1918,0.7463035019455253,8.765926513729443,2422.047898341268,6.108553912581849,194.92262117723448,12.352275316918204,2309.0666540821157,1.8160301195182749,5982.0,94.55031761952523,3.1260448010698765,13.4016973125884,49.0,146.9387755102041,13.143516073339736,73.6,9.403631840041264,92.0,76.0,70.0,0.0
경기,평택시,7098.0,3810,220,3590,3221,0.8454068241469817,8.867568333206442,2700.809924841108,41.06879439967057,206.67029554255336,6.449743743992498,2612.7742848084595,37.40184220556122,7195.0,94.8714384989576,1.904100069492703,10.342806914737768,19.0,128.94736842105263,13.33060443612846,72.5,14.815942314924996,86.8,75.0,73.0,0.0
경기,포천시,1962.0,569,115,454,181,0.3181019332161687,7.581719640125308,680.7208803210825,-16.41214241413984,98.5707459738348,16.667474577625985,547.2581244221649,-17.04097577731416,1153.0,90.11274934952299,1.9080659150043366,10.490856592877767,42.0,159.52380952380952,11.965057850596995,38.2,22.72307167568094,87.2,66.0,66.0,0.0
경기,하남시,4428.0,1972,165,1807,1511,0.7662271805273834,8.395703293828527,1628.7508285813817,21.07438199847813,157.5023014372126,4.760373971917042,1472.190182156913,22.742293889812238,4422.0,96.47218453188603,0.9497964721845319,14.275668073136426,30.0,163.33333333333334,12.678797568694597,90.0,3.827983040581466,93.1,93.0,91.0,0.0
경기,화성시,13931.0,5805,492,5313,4378,0.7541774332472007,9.541871851706224,5563.685617629063,4.337311612401495,304.71197197942485,61.46395456796212,5930.953016098713,-10.419118384876247,13781.0,94.49967346346419,2.1769102387344894,12.884895953313368,79.0,157.59493670886076,13.819581261397254,83.3,4.300640162690115,93.8,80.0,76.0,0.0
경남,거제시,2215.0,1375,149,1226,904,0.6574545454545454,7.703007682479236,775.2202482314458,77.36894813272306,105.70035678818347,40.96451944678498,634.2063194935175,93.3124855928736,2505.0,91.53692614770459,3.5528942115768465,8.547754034016572,23.0,121.73913043478261,12.393729941913648,72.2,17.551604047626647,91.4,67.0,66.0,0.0
경남,거창군,875.0,163,52,111,22,0.13496932515337423,6.774223886357614,286.4860124119889,-43.103679433537756,61.92007870690781,-16.020778581150484,205.0435141279932,-45.86514941861996,302.0,77.48344370860927,21.52317880794702,11.11111111111111,29.0,117.24137931034483,10.974951298618475,32.5,39.081436972641264,81.3,225.0,225.0,1.0
경남,고성군,720.0,195,68,127,42,0.2153846153846154,6.579251212010101,232.46059583057186,-16.11481537192432,55.34495567579907,22.865759254252428,161.7719645401522,-21.494431769431664,308.0,83.76623376623377,4.545454545454546,7.3643410852713185,42.0,135.71428571428572,10.771931674953063,23.2,39.32422360248447,78.0,71.0,71.0,0.0
경남,김해시,5416.0,2824,274,2550,2213,0.7836402266288952,8.59711281459211,2021.1795211080673,39.720394477963254,176.86826316104833,54.917561298438166,1880.638214042699,35.59226761208967,5332.0,91.07276819204802,5.326331582895724,12.705930807248764,70.0,100.0,13.217420797995008,79.3,14.28196730049169,90.1,101.0,99.0,0.0
경남,남해군,644.0,164,46,118,11,0.06707317073170732,6.467698726104354,206.2647087786456,-20.490518726595287,51.901993237243424,-11.371419225202928,141.25542828817092,-16.4633873331425,285.0,90.87719298245615,2.807017543859649,11.583011583011583,29.0,141.3793103448276,10.57159893662485,10.1,45.55815485996704,69.4,82.0,81.0,0.0
경남,밀양시,1548.0,474,95,379,227,0.47890295358649787,7.344719054149673,528.0222617719586,-10.231057605538918,85.99741404484978,10.468437981699253,410.2601231508406,-7.6195860593907145,688.0,90.98837209302324,3.6337209302325584,10.223642172523961,29.0,137.93103448275863,11.53795948268987,39.2,33.982841382547974,81.7,101.0,100.0,0.0
경남,사천시,1240.0,415,77,338,201,0.4843373493975904,7.122866658599083,416.28085062166105,-0.3076890564983392,75.6851346431014,1.7372835010454057,313.274050093095,7.892753932078711,774.0,87.33850129198967,8.656330749354005,9.911242603550296,48.0,134.375,11.601101163873954,54.0,30.062396956246033,82.3,105.0,105.0,0.0
경남,산청군,719.0,131,46,85,20,0.15267175572519084,6.577861357721047,232.11457418346845,-43.56235472898193,55.300684515605965,-16.81838949566943,161.49885083745014,-47.36804654693601,435.0,34.25287356321839,62.98850574712643,14.093959731543624,23.0,121.73913043478261,10.388379794275615,9.6,33.78289000718907,80.5,51.0,51.0,1.0
경남,양산시,4698.0,1787,166,1621,1443,0.8074986010072748,8.454892165218858,1735.4229549434929,2.9720158368071514,162.9623372826562,1.8640274605751461,1582.0302838722496,2.4632724496503444,3773.0,90.93559501722767,6.0694407633183145,11.687554648790439,55.0,104.54545454545455,12.792828223489247,86.7,16.100034116884448,91.8,119.0,119.0,0.0
경남,의령군,376.0,57,33,24,3,0.05263157894736842,5.929589143389895,115.86457149819961,-50.80463401110864,38.07397753541245,-13.32662848448961,73.43295437361651,-67.31712593518792,162.0,91.35802469135803,1.2345679012345678,13.513513513513514,30.0,101.66666666666667,10.110867508670859,11.1,46.429510825982355,68.8,102.0,102.0,1.0
경남,진주시,5679.0,1658,222,1436,1105,0.6664656212303981,8.644530439877432,2126.5539573295982,-22.033485476097713,181.76355962424483,22.13669255759236,1992.2373732183742,-27.92023584618315,2980.0,90.30201342281879,4.798657718120805,13.043478260869565,85.0,140.0,12.754613041396906,65.3,31.514262932323337,81.6,110.0,106.0,0.0
경남,창녕군,905.0,220,61,159,58,0.2636363636363636,6.807934943699926,297.02631925408286,-25.932489567765494,63.13367099367,-3.3796086305260653,213.6215152960589,-25.569294937524777,421.0,89.31116389548693,4.513064133016627,8.77659574468085,31.0,122.58064516129032,10.964155646288093,22.3,41.33143228682891,78.4,99.0,74.0,1.0
경남,창원시 마산합포구,4637.0,788,61,727,571,0.7246192893401016,8.441822884391462,1711.2835270422345,-53.9526917925768,161.7406689981514,-62.285305002233414,1557.0924531057867,-53.31041528395304,1579.0,90.2469917669411,3.6732108929702343,11.368421052631579,16.0,100.0,12.091026486208657,68.1,32.16647249619381,78.8,102.0,100.0,1.0
경남,창원시 마산회원구,3015.0,671,56,615,448,0.6676602086438153,8.011355109161286,1078.8270170781443,-37.80281830378035,126.23494029202648,-55.63827267597068,922.6427763343403,-33.34364980958341,1288.0,90.6832298136646,2.950310559006211,9.931506849315069,18.0,141.66666666666666,12.094386610334446,71.4,36.859111169375986,78.4,102.0,100.0,1.0
경남,창원시 성산구,5540.0,1116,101,1015,781,0.6998207885304659,8.61974977974133,2070.8170605007863,-46.108228424092786,179.18858779015417,-43.63480328430289,1933.1130366807445,-47.4940171246888,2432.0,95.68256578947368,1.4391447368421053,11.087236785560808,34.0,164.7058823529412,12.405497110223791,89.4,42.10642547474272,88.0,102.0,100.0,1.0
경남,창원시 의창구,4471.0,1139,109,1030,781,0.6856892010535558,8.405367376233981,1645.708822230799,-30.78970078947153,158.38112905985162,-31.178669676733193,1489.5888543991093,-30.853403141533608,1899.0,92.62769878883623,4.423380726698262,10.6878908470722,42.0,133.33333333333334,12.258669839471109,65.5,24.914340304791544,77.2,102.0,100.0,1.0
경남,창원시 진해구,1541.0,773,62,711,631,0.8163001293661061,7.340186835320115,525.4635768957806,47.1081981679037,85.77329586643457,-27.716430418453474,408.0058212780794,74.26221953716015,1606.0,95.26774595267746,2.926525529265255,9.803921568627452,24.0,162.5,12.14935413491861,73.0,19.95517309988062,82.9,102.0,100.0,0.0
경남,통영시,1211.0,496,77,419,242,0.4879032258064516,7.099201743553092,405.8551934381486,22.211076270381458,74.66088103339754,3.1329913794562847,304.3895130885092,37.65257408134319,951.0,82.86014721345951,2.2082018927444795,11.548223350253807,39.0,150.0,11.696945578399765,59.3,34.98514106583072,79.6,98.0,97.0,0.0
경남,하동군,736.0,245,45,200,18,0.07346938775510205,6.601230118728877,238.00160440148022,2.940482529989308,56.04978232395185,-19.714228790554877,166.15285463467012,20.37108868201607,359.0,74.93036211699165,14.206128133704734,9.293680297397769,25.0,114.0,10.56369823284981,12.5,42.69005847953216,78.4,75.0,64.0,0.0
경남,함안군,2575.0,176,58,118,59,0.3352272727272727,7.853604813097837,911.0110950242432,-80.68080608883074,115.27461534685351,-49.685366699787345,761.6293842749043,-84.50690028033256,401.0,92.01995012468828,3.2418952618453867,12.737127371273713,26.0,115.38461538461539,11.029633941397558,40.7,35.03820303151176,81.7,76.0,76.0,1.0
경남,함양군,650.0,156,57,99,11,0.07051282051282051,6.476972362889683,208.32506911150304,-25.11702952249918,52.17986308862784,9.23754227408593,142.85698942242115,-30.699925568736553,184.0,97.28260869565217,1.0869565217391304,11.1731843575419,12.0,108.33333333333333,10.465186882674928,18.9,34.57301640441914,77.7,42.0,40.0,0.0
경남,합천군,866.0,211,95,116,11,0.052132701421800945,6.763884908562435,283.32893609603406,-25.528255988480552,61.552572698931996,54.33960894643215,202.48236480001904,-42.711060237484396,259.0,89.1891891891892,1.1583011583011582,14.285714285714285,37.0,140.54054054054055,10.570034051298894,9.1,47.481538461538456,73.2,100.0,100.0,1.0
경북,경산시,3580.0,1536,220,1316,941,0.6126302083333334,8.183118079394745,1296.8879397552132,18.437372491097335,139.35719110761949,57.86770546351181,1136.8992282157908,15.753442991186084,2768.0,92.95520231213872,1.5895953757225432,11.659541391371938,37.0,108.10810810810811,12.606622359524613,74.7,18.54062189697621,86.3,97.0,75.0,0.0
경북,경주시,3665.0,1351,242,1109,617,0.4566987416728349,8.206583614320753,1329.918329280364,1.5851853648068293,141.25278063999815,71.32406095195378,1169.7995169427888,-5.197430505159151,2200.0,88.68181818181819,2.409090909090909,12.506406970784214,101.0,124.75247524752476,12.463551920920253,48.7,35.24531490654789,84.6,142.0,100.0,0.0
경북,고령군,752.0,187,74,113,60,0.32085561497326204,6.62273632394984,243.55126748584254,-23.219451111717092,56.748138017657496,30.40075425377744,170.55434003782642,-33.745456154948464,185.0,88.64864864864866,2.7027027027027026,7.926829268292683,23.0,156.52173913043478,10.339611181598086,29.8,36.27268817204301,83.7,40.0,40.0,0.0
경북,구미시,4678.0,2349,296,2053,1605,0.6832694763729247,8.450625947144124,1727.5058947580408,35.97638115897761,162.56253583682306,82.08377377744571,1573.846203255268,30.444766188314553,3604.0,91.87014428412874,2.3029966703662597,11.839323467230443,97.0,141.75257731958763,12.91746486843139,76.0,19.10706697459584,89.6,104.0,104.0,0.0
경북,김천시,2257.0,786,161,625,443,0.5636132315521628,7.721791776817535,790.9855578709269,-0.6302969531259639,106.84973955868105,50.67888856348597,648.8559593396678,-3.6766186695650793,1249.0,92.79423538831065,2.6421136909527623,11.561691113028473,50.0,138.0,11.821784220271333,52.4,32.58277395295468,86.9,95.0,93.0,0.0
경북,문경시,850.0,216,75,141,60,0.2777777777777778,6.745236349484363,277.72218417986244,-22.22443423528926,60.8952034875339,23.162409688562,197.94340308925277,-28.767517482548765,378.0,89.15343915343915,8.465608465608465,14.243323442136498,32.0,128.125,11.08988175458777,25.9,41.81512641051279,74.0,59.0,59.0,0.0
경북,봉화군,353.0,68,46,22,0,0.0,5.8664680569332965,108.28533406997995,-37.2029457321943,36.715094242084106,25.289069658095052,68.00862157617813,-67.65116026450079,135.0,86.66666666666667,5.185185185185185,5.128205128205128,32.0,185.9375,10.238959288823757,10.7,47.3574074074074,84.3,320.0,282.0,1.0
경북,상주시,1501.0,401,153,248,109,0.2718204488778055,7.313886831633462,510.8586313209017,-21.504702981497193,84.484241579672,81.09886191700603,395.16669487236874,-37.24167466084174,608.0,85.19736842105263,4.276315789473684,10.038610038610038,36.0,134.72222222222223,11.434509766332706,28.7,44.01342756183745,84.3,57.0,57.0,0.0
경북,성주군,1372.0,242,77,165,54,0.2231404958677686,7.22402480828583,463.9515100412495,-47.839376580866386,80.22421249078222,-4.019001733613381,354.27007933111315,-53.425363973290764,232.0,91.37931034482759,1.7241379310344827,10.849056603773585,53.0,129.24528301886792,10.622984508418856,9.4,38.92324037184595,84.3,89.0,89.0,1.0
경북,안동시,2075.0,846,142,704,438,0.5177304964539007,7.637716432664798,722.826291752217,17.040568343079386,101.80056676589867,39.48841790492605,585.811268442419,20.17522330559234,1278.0,92.87949921752738,2.503912363067293,13.142375737152484,57.0,176.31578947368422,11.942705878725093,52.2,36.81400384686977,82.7,92.0,88.0,0.0
경북,영덕군,450.0,176,88,88,10,0.056818181818181816,6.1092475827643655,140.46767928989692,25.29572702398788,42.22331607456692,108.41565320116229,91.35831512871682,-3.675981900481873,236.0,90.2542372881356,2.9661016949152543,13.145539906103288,23.0,156.52173913043478,10.393753262336757,9.5,49.09652777777778,66.7,59.0,58.0,0.0
경북,영양군,197.0,30,21,9,0,0.0,5.2832037287379885,57.95316506318899,-48.23406112972497,26.242051958986877,-19.97577006241572,33.466382401565156,-73.10734129548734,72.0,93.05555555555556,1.3888888888888888,13.432835820895523,16.0,134.375,9.61973109808682,5.4,46.2217616580311,76.8,70.0,68.0,1.0
경북,영주시,1222.0,327,81,246,145,0.4434250764525994,7.108244139731541,409.80766635505194,-20.206470779711683,75.05060311615517,7.927180644553911,307.7541666217033,-20.066070038821792,596.0,93.79194630872483,1.8456375838926176,11.627906976744185,45.0,107.77777777777777,11.504399219625775,41.5,43.61471475167702,81.7,98.0,93.0,0.0
경북,영천시,1637.0,500,96,404,251,0.502,7.400620577371135,560.6253825092123,-10.813884708157339,88.81037879499846,8.095474090474708,439.1111944315653,-7.995968874584758,808.0,87.74752475247524,2.722772277227723,10.578279266572638,45.0,95.55555555555556,11.508144052213199,43.1,38.55876523522041,88.3,70.0,57.0,0.0
경북,예천군,867.0,258,34,224,144,0.5581395348837209,6.7650389767805414,283.67960649793804,-9.052327312123754,61.593486453217075,-44.799357922652305,202.76665455272996,10.47181327428186,494.0,87.65182186234817,0.8097165991902834,13.856812933025402,21.0,142.85714285714286,10.889472243411273,37.7,32.65647874516936,87.6,140.0,140.0,0.0
경북,울릉군,637.0,58,51,7,3,0.05172413793103448,6.456769655572163,203.86269697510184,-71.54947871258484,51.57641984496984,-1.1176034449511318,139.39100640283982,-94.97815520481285,36.0,66.66666666666666,11.11111111111111,29.166666666666668,,,9.049584593096789,6.3,63.91,44.3,96.0,96.0,1.0
경북,울진군,605.0,189,86,103,46,0.24338624338624337,6.405228458030842,192.90649301845386,-2.0250707777265675,50.06833780246896,71.76523882076864,130.9247460915158,-21.328852585283254,289.0,95.15570934256056,0.0,15.636363636363637,44.0,138.63636363636363,10.720488195263071,24.2,45.03510527412966,80.2,117.0,102.0,0.0
경북,의성군,668.0,129,52,77,18,0.13953488372093023,6.504288173536645,214.51429840647432,-39.86414847015782,53.007012655204846,-1.89977251077168,147.68073662962024,-47.860498425658484,183.0,95.62841530054644,0.0,10.857142857142858,28.0,100.0,10.759900883354868,8.4,52.64356120826709,80.7,56.0,55.0,1.0
경북,청도군,721.0,182,40,142,25,0.13736263736263737,6.580639137284949,232.8066519787242,-21.823539639824098,55.38920075859113,-27.78375666705064,162.0451600875593,-12.370107244627437,195.0,92.3076923076923,1.0256410256410255,13.333333333333334,16.0,93.75,10.583524163945977,11.1,36.19959183673469,82.2,103.0,101.0,0.0
경북,청송군,417.0,114,69,45,2,0.017543859649122806,6.0330862217988015,129.45699504853604,-11.93986855846677,40.411779962703235,70.74229361755744,83.27909074323156,-45.96482790770943,197.0,65.98984771573603,11.6751269035533,14.615384615384617,45.0,133.33333333333334,10.046678392127044,9.9,47.99327731092437,80.1,81.0,81.0,0.0
경북,칠곡군,1561.0,556,99,457,285,0.512589928057554,7.353081920515432,532.7763064364701,4.358995188593129,86.41249603695132,14.566763535757676,414.45251520571605,10.26594923019475,835.0,88.38323353293414,5.269461077844311,9.620596205962059,43.0,111.62790697674419,11.60862647748041,58.2,23.524748258883022,89.0,74.0,74.0,0.0
경북,포항시 남구,2713.0,1349,199,1150,778,0.5767234988880652,7.905810312658931,963.4380602284645,40.01938014366024,118.79216872341819,67.51946036386317,811.5353579763762,41.70670306560771,2045.0,89.92665036674816,3.8630806845965773,8.700380641653073,70.0,155.0,12.312880113846912,59.6,36.9415170392085,82.2,173.0,114.0,0.0
경북,포항시 북구,3696.0,1634,205,1429,1161,0.7105263157894737,8.215006432761575,1341.978466586615,21.76052303999747,141.93946204967622,44.42777014911734,1181.839674135968,20.913185711482285,2755.0,92.66787658802178,4.537205081669692,9.831570701135918,38.0,159.21052631578948,12.5081419732901,74.2,29.21137836633348,88.9,173.0,114.0,0.0
광주,광산구,4605.0,2355,240,2115,1693,0.7188959660297239,8.434897948689407,1698.629314827756,38.64119613635664,161.097067845509,48.978502967017604,1544.038528105328,36.978447202045686,,,,,44.0,107.95454545454545,12.929862991653502,85.3,13.598622368301225,91.3,86.0,86.0,0.0
광주,남구,2146.0,1007,57,950,800,0.7944389275074478,7.671360923190644,749.3668325951387,34.380113476953554,103.79181193937657,-45.082373132388376,610.2693097893202,55.66897839381157,,,,,16.0,140.625,12.248686633470703,79.1,36.08280544445878,84.0,86.0,86.0,0.0
광주,동구,1174.0,554,42,512,397,0.7166064981949458,7.068172000388042,392.57954744433937,41.117896641965814,73.33884018067059,-42.73157320659449,293.1206576578506,74.67209718041761,,,,,14.0,103.57142857142857,11.619885700393809,70.0,31.063379536556972,79.6,86.0,86.0,0.0
광주,북구,4605.0,2098,212,1886,1584,0.7550047664442326,8.434897948689407,1698.629314827756,23.511350103641714,161.097067845509,31.59767762086556,1544.038528105328,22.147211074731988,,,,,39.0,143.5897435897436,12.978696219591898,83.3,28.820524212453392,86.6,86.0,86.0,0.0
광주,서구,3321.0,1626,174,1452,1163,0.7152521525215252,8.108021221376747,1196.5946621714422,35.885613683862026,133.46002667477327,30.37611660607409,1037.7002162941144,39.9248046016077,,,,,33.0,145.45454545454547,12.537672316173264,85.2,23.509392341842396,87.1,86.0,86.0,0.0
대구,군위군,414.0,128,46,82,15,0.1171875,6.025865973825314,128.45905054439842,-0.3573516559969958,40.24412939478453,14.30238569395268,82.55127539864948,-0.6677975548982196,205.0,92.6829268292683,0.975609756097561,10.526315789473683,29.0,120.6896551724138,,,,,,,
대구,남구,1208.0,309,41,268,173,0.5598705501618123,7.0967213784947605,404.77769251603473,-23.66180110388386,74.55433286565805,-45.00654968789102,303.4730215167795,-11.689019781555166,616.0,87.17532467532467,1.948051948051948,11.359404096834265,5.0,80.0,11.82128478212885,45.9,47.81915557830092,69.3,107.0,106.0,0.0
대구,달서구,7338.0,3219,291,2928,2619,0.8136067101584343,8.900821604915228,2798.8037428286957,15.013423440209506,210.66536151829365,38.13376717592478,2720.565233019382,7.624693738749255,5145.0,92.71137026239067,2.6433430515063168,10.461215932914046,35.0,121.42857142857143,13.186274826973614,85.0,23.95044916357173,86.1,107.0,106.0,0.0
대구,달성군,4358.0,2436,238,2198,1882,0.7725779967159278,8.379768515504566,1601.170118297912,52.13873729979017,156.06386879276693,52.50166604291599,1443.944771969141,52.22188844539646,3515.0,89.92887624466573,4.295874822190612,8.509965200885796,64.0,137.5,12.480354079156102,84.8,10.994609804137458,92.5,107.0,106.0,0.0
대구,동구,5143.0,2234,274,1960,1585,0.7094897045658013,8.545391845774915,1912.1866920957161,16.829596672466284,171.67890711845948,59.600270411168424,1766.0269493344017,10.983583842744004,3776.0,91.18114406779661,3.3103813559322037,9.875108916642462,40.0,112.5,12.725018213141341,73.3,23.55744892718258,83.9,107.0,106.0,0.0
대구,북구,5431.0,2925,232,2693,2341,0.8003418803418804,8.599878558034845,2027.1797622561814,44.28912790371267,177.15013713866742,30.962359808052465,1886.9723197655987,42.71539501620918,4375.0,91.08571428571427,3.565714285714286,11.493099121706399,28.0,183.92857142857142,12.954259469141885,81.8,21.256988970679767,85.1,107.0,106.0,0.0
대구,서구,1803.0,411,52,359,158,0.3844282238442822,7.497207223203318,621.7717908467981,-33.898577251268605,93.88916571217308,-44.61554791166069,493.8224993067383,-27.301813808810106,791.0,91.1504424778761,2.1491782553729455,8.183079056865465,4.0,150.0,12.008298307128998,45.6,43.576257702207315,61.7,107.0,106.0,1.0
대구,수성구,7768.0,2491,162,2329,2085,0.83701324769169,8.957768009971161,2974.9476754086295,-16.2674348664689,217.68712257797335,-25.58126632319594,2915.587161752693,-20.119006197025126,4170.0,92.6378896882494,2.877697841726619,11.752523945120373,21.0,111.9047619047619,12.895926910389326,80.7,29.88987991755534,87.1,107.0,106.0,0.0
대구,중구,2313.0,473,40,433,378,0.7991543340380549,7.746300662231439,812.0386923813718,-41.75154405353669,108.36823060226882,-63.08881322718344,668.4803379238917,-35.22621752125518,1059.0,95.08970727101038,0.9442870632672332,14.597815292949354,1.0,50.0,11.452410837104237,80.5,23.074547351166085,81.2,107.0,106.0,1.0
대전,대덕구,2379.0,777,74,703,438,0.5637065637065637,7.774435510302958,836.8982734052646,-7.157174928984366,110.13799823563087,-32.811562598329324,691.7408675919733,1.6276517602929808,1232.0,89.20454545454545,0.6493506493506493,13.375796178343949,23.0,145.65217391304347,12.046320473262568,68.2,45.53205134299977,79.5,139.0,134.0,0.0
대전,동구,2526.0,948,91,857,679,0.7162447257383966,7.8343923029104365,892.4436520806306,6.2251939144668755,114.00648095461516,-20.17997640307292,744.0459570589376,15.181057281400578,1597.0,94.80275516593612,0.7514088916718847,12.285336856010568,15.0,113.33333333333333,12.345290961906622,67.6,38.14584065502672,80.0,139.0,134.0,0.0
대전,서구,8236.0,2256,204,2052,1655,0.7335992907801419,9.01627006814768,3167.4540852738673,-28.775605288531292,225.1444989153216,-9.391523673547187,3130.5041022560767,-34.45145149239145,3931.0,93.8946832866955,2.0605443907402696,13.112977512869142,53.0,109.43396226415095,13.04380922794475,81.4,33.676261921567985,88.3,139.0,134.0,1.0
대전,유성구,6223.0,3259,366,2893,2036,0.6247315127339674,8.736007384569218,2345.6123962627476,38.94026162176447,191.59354888922607,91.02939640812791,2226.586636967551,29.929819570823234,5741.0,90.92492597108517,2.9263194565406723,13.295019157088122,52.0,159.6153846153846,12.85846032961682,87.4,8.217558647963683,89.8,139.0,134.0,0.0
대전,중구,2556.0,919,105,814,684,0.7442872687704026,7.846198815497425,903.8084366800723,1.6808388485208603,114.7841153856036,-8.523928030228767,754.8026749135735,7.842755074126462,1630.0,93.43558282208589,2.208588957055215,12.147078135259356,19.0,134.21052631578948,12.303639368334306,67.0,40.321261357958434,80.4,139.0,134.0,0.0
부산,강서구,3505.0,1196,107,1089,922,0.7709030100334449,8.16194579946869,1267.7901543003236,-5.662621219829845,137.66869543604156,-22.27717444325583,1108.009059592266,-1.7156050690832036,2337.0,89.38810440735986,5.99058622165169,11.393011010052657,19.0,134.21052631578948,11.88973043358516,79.0,8.108260105448155,90.9,100.0,96.0,0.0
부산,금정구,2232.0,882,60,822,697,0.7902494331065759,7.710653323501202,781.5988827092975,12.84560655238871,106.16668743589807,-43.48509739815783,640.1287809787821,28.411660969708265,1536.0,96.94010416666666,0.4557291666666667,10.543989254533244,5.0,90.0,12.280897146629993,58.2,31.538035101353547,83.2,100.0,96.0,0.0
부산,기장군,2679.0,1405,151,1254,811,0.5772241992882562,7.893198869544609,950.5031076650101,47.816455166727366,117.9327117650003,28.03911462740849,799.1876891219035,56.90932393838739,2710.0,87.15867158671587,6.4575645756457565,15.071972904318374,26.0,146.15384615384616,12.062363924861998,80.0,10.549587906722394,93.0,100.0,96.0,0.0
부산,남구,2282.0,1289,111,1178,1045,0.8107059736229635,7.732807530422021,800.3796999477815,61.04856233661311,107.52958942057256,3.2274005677208395,657.6040173707448,79.13515867952275,2454.0,92.54278728606357,2.1597392013039935,12.857771906649054,7.0,128.57142857142858,12.468783003946399,67.0,23.928141380859667,88.3,100.0,96.0,0.0
부산,동구,3604.0,311,20,291,219,0.7041800643086816,8.189799618728228,1306.2085214728934,-76.19063151958973,139.89433283899817,-85.70349520661595,1146.1718253713345,-74.6111365191059,484.0,96.07438016528926,2.479338842975207,13.763440860215054,2.0,100.0,11.358199619767072,47.7,41.86992951190318,68.6,100.0,96.0,1.0
부산,동래구,2564.0,1271,65,1206,1154,0.9079464988198269,7.849323818040561,906.840668121329,40.15692554162658,114.99082956976632,-43.473753304333094,757.6757492578662,59.17099117680114,2145.0,96.73659673659674,1.1655011655011656,10.650602409638555,3.0,66.66666666666667,12.487820897640292,73.5,27.501445270988313,87.4,100.0,96.0,0.0
부산,부산진구,4406.0,1451,69,1382,1162,0.8008270158511371,8.39072252736229,1620.0792088853837,-10.436477917750109,157.05126892376725,-56.06530245006003,1463.3025986919295,-5.556102938968821,2978.0,93.85493619879114,3.727333781061115,10.554561717352415,9.0,100.0,12.78513805728691,74.0,26.951721717427763,86.3,100.0,96.0,0.0
부산,북구,2011.0,1010,69,941,842,0.8336633663366336,7.606387389772652,698.9581739261109,44.50077811190607,99.98072512149126,-30.986697769840266,563.9186214011943,66.86804873757394,2502.0,97.84172661870504,1.079136690647482,10.294117647058822,6.0,100.0,12.488857747369249,82.9,21.588012713088705,92.2,100.0,96.0,0.0
부산,사상구,1874.0,929,91,838,646,0.6953713670613563,7.535830462798367,648.0507278813437,43.35297531987299,96.00046302805394,-5.20879053113803,517.5632006949936,61.91259325908756,1629.0,96.9306322897483,0.8594229588704727,11.336288790373654,7.0,114.28571428571429,12.231447951861401,76.7,44.6571856594987,85.0,100.0,96.0,0.0
부산,사하구,2041.0,1193,88,1105,1031,0.8642078792958927,7.621195162809845,710.1396687414039,67.99512159549967,100.83678876616604,-12.730263352528725,574.1623724262739,92.45426957021448,2262.0,93.8107869142352,3.669319186560566,8.058435438265787,6.0,91.66666666666667,12.588050747345884,73.1,41.95268111635354,88.2,100.0,96.0,0.0
부산,서구,592.0,332,37,295,195,0.5873493975903614,6.3835066348840055,188.4672842509876,76.15789462847331,49.446046370519795,-25.170963674742353,127.51254948686385,131.34977787452243,573.0,95.46247818499127,2.7923211169284468,10.054844606946983,5.0,100.0,11.54648595849219,53.2,37.620657101462825,75.9,100.0,96.0,0.0
부산,수영구,3871.0,784,38,746,672,0.8571428571428571,8.261268150577648,1410.1945224278,-44.40483298359005,145.77096380051387,-73.93170833939013,1250.213225588796,-40.330178506257084,1496.0,96.79144385026738,1.9385026737967916,10.220994475138122,5.0,140.0,12.030450596831681,58.5,32.14389012166195,86.9,100.0,96.0,1.0
부산,연제구,6246.0,993,76,917,849,0.8549848942598187,8.739696537843024,2354.9052672042285,-57.832698672465014,192.00094440942135,-60.416861368172135,2236.595353527584,-59.000183088384894,2097.0,96.75727229375298,1.0968049594659035,10.892065056678167,7.0,92.85714285714286,12.244672973976959,73.4,27.08959952701411,90.1,100.0,96.0,1.0
부산,영도구,857.0,346,37,309,262,0.7572254335260116,6.75343791859778,280.17421425994866,23.494591004358977,61.183442788443905,-39.526122895803404,199.92695127380438,54.556450759266404,705.0,84.39716312056737,10.921985815602838,13.781512605042018,11.0,222.72727272727272,11.578947260512226,63.8,48.06027689030884,78.7,100.0,96.0,0.0
부산,중구,2772.0,71,24,47,22,0.30985915492957744,7.927324360309794,985.91155975969,-92.79854269917416,120.27281010178989,-80.04536521622119,833.0413423074592,-94.35802311205663,144.0,91.66666666666666,7.638888888888889,18.181818181818183,2.0,50.0,10.58655914439847,34.1,42.6673076923077,65.6,100.0,96.0,1.0
부산,해운대구,4932.0,2692,127,2565,2085,0.774517087667162,8.503499864284235,1828.2298671023054,47.246254338178304,167.58754318512766,-24.218711256058047,1678.3361959901154,52.82992800419271,4955.0,96.02421796165488,1.6347124117053482,11.958806221101304,6.0,83.33333333333333,12.8103175716088,81.9,21.23415226781858,91.2,100.0,96.0,0.0
서울,강남구,14117.0,3610,253,3357,2863,0.7930747922437673,9.5551350238842,5643.3397908404,-36.03078790578367,307.0478145637153,-17.602409787710727,6027.361620755024,-44.30398885574943,5608.0,94.97146932952924,1.2838801711840229,15.152084115659031,32.0,123.4375,13.177218919447066,77.8,31.896729827338845,92.8,100.0,95.0,1.0
서울,강동구,4147.0,1697,127,1570,1456,0.8579846788450206,8.330140460246382,1518.2282518018612,11.775024472504004,151.6675727553938,-16.26423651888801,1359.401300187678,15.492018418935372,2852.0,97.30014025245441,1.2272089761570828,12.288288288288287,6.0,108.33333333333333,13.025903136533222,65.3,16.307010652191657,91.3,100.0,95.0,0.0
서울,강북구,1468.0,835,118,717,592,0.7089820359281437,7.291656209174461,498.8305360818066,67.39151667793301,83.40976184717154,41.47025166695333,384.62976064474606,86.41303231401265,1174.0,96.33730834752981,1.1073253833049403,10.610079575596817,11.0,95.45454545454545,12.544222046353472,37.2,33.91605331867528,76.8,100.0,95.0,0.0
서울,강서구,4390.0,2600,205,2395,1930,0.7423076923076923,8.387084506069217,1613.77452751247,61.11296563886983,156.72264493567135,30.80432638445112,1456.8449094524024,64.39635986374353,4596.0,94.12532637075718,2.154046997389034,14.401294498381878,16.0,96.875,13.206656730578258,59.4,19.660011117673623,92.7,100.0,95.0,0.0
서울,관악구,2253.0,963,174,789,610,0.6334371754932503,7.720017940432244,789.4831860718041,21.97853190408725,106.74066772505904,63.0119088707469,647.4582029712268,21.861148160488032,1545.0,94.62783171521035,2.3300970873786406,12.175102599179207,7.0,50.0,13.103166286733835,44.3,26.032387172984052,78.7,100.0,95.0,0.0
서울,광진구,1751.0,851,78,773,558,0.6556991774383079,7.467942332285852,602.5721621294667,41.22789824750597,92.32040758563966,-15.511638174209253,476.56202261459424,62.20344117205106,1398.0,94.9928469241774,2.074391988555079,15.135542168674698,4.0,137.5,12.75167643663204,36.9,23.980712625871416,85.3,100.0,95.0,0.0
서울,구로구,5690.0,2143,111,2032,1469,0.6854876341577228,8.646465527120377,2130.9690058066253,0.5645785631133826,181.9661863250599,-38.99965579225124,1996.9297232460367,1.7562098628566725,3345.0,92.67563527653215,3.8266068759342304,11.838709677419356,3.0,100.0,12.945225163846526,63.3,22.08153596332028,90.1,100.0,95.0,0.0
서울,금천구,1696.0,1408,187,1221,953,0.6768465909090909,7.4360278163518485,582.3093862959246,141.79586198263112,90.63947896001349,106.3118655861834,458.425770339493,166.34628308434168,2166.0,90.25854108956602,5.678670360110803,20.30690537084399,7.0,107.14285714285714,12.403537298033621,45.8,24.46991979842055,84.7,100.0,95.0,0.0
서울,노원구,2842.0,2009,141,1868,1733,0.8626182180189149,7.952263308657046,1012.6195541994672,98.39632680096008,122.01227110190305,15.562146927204257,858.6851698521956,117.5418960969754,3627.0,94.8993658671078,1.7094017094017095,9.848925043579314,15.0,100.0,13.09488117753083,86.8,51.02566886005676,94.1,100.0,95.0,0.0
서울,도봉구,1991.0,1049,156,893,868,0.8274547187797903,7.596392304064196,691.5104828148768,51.69690497386519,99.40700365558544,56.93059267784775,557.1077164709145,60.29216138969451,1734.0,91.86851211072664,3.690888119953864,12.052730696798493,11.0,122.72727272727273,12.60147731672372,60.5,41.5111356481699,90.8,100.0,95.0,0.0
서울,동대문구,2047.0,1287,74,1213,1083,0.8414918414918415,7.624130585661289,712.3773894385175,80.6626682823818,101.00735932771491,-26.73801147507525,576.2150388499473,110.51168716821334,2003.0,91.76235646530205,2.596105841238143,10.55495103373232,9.0,161.11111111111111,12.782093137490874,65.1,20.28748299705282,86.9,100.0,95.0,0.0
서울,동작구,2096.0,1530,64,1466,1353,0.884313725490196,7.647786045440933,730.6696211212752,109.39696352122641,102.39249613220316,-37.495419666918785,593.0268165729715,147.20635880715017,2087.0,94.29803545759464,1.3416387158600862,10.619918699186993,4.0,87.5,12.851005995808402,57.1,24.928473408370927,87.5,100.0,95.0,0.0
서울,마포구,2988.0,2227,123,2104,1791,0.8042209250112259,8.002359546252707,1068.4756827823394,108.42776638592579,125.58281495902342,-2.0566627367495927,912.6075505102962,130.54816923479558,3405.0,93.48017621145375,2.290748898678414,14.074772227458373,32.0,181.25,12.790874304175118,60.2,19.553912524059204,87.0,100.0,95.0,0.0
서울,서대문구,2062.0,1236,92,1144,968,0.7831715210355987,7.631431664576906,717.9737485601,72.15114096842737,101.43286029526631,-9.299609877713888,581.352378843205,96.78254388093683,2229.0,94.75100942126514,1.8393898609241812,11.032196969696969,7.0,78.57142857142857,12.664588669171163,56.4,23.0419097056212,84.8,100.0,95.0,0.0
서울,서초구,7212.0,3052,244,2808,2371,0.776867627785059,8.883501584323207,2747.327815010414,11.089764509534206,208.57498161357822,16.98430852653885,2663.878552188903,5.410210900668599,4672.0,93.8570205479452,2.675513698630137,15.621436716077536,15.0,113.33333333333333,12.864250463127524,71.5,20.157769875924085,91.5,100.0,95.0,0.0
서울,성동구,3262.0,2462,135,2327,2006,0.8147847278635256,8.09009578318096,1173.824835912008,109.74168586977795,132.08968423555666,2.203287699025269,1015.3307349977448,129.18640397556453,3800.0,95.23684210526315,2.4473684210526314,10.804089527493783,19.0,226.31578947368422,12.523391187110262,74.8,19.263678312458797,88.3,100.0,95.0,0.0
서울,성북구,2574.0,2291,114,2177,2028,0.885202968136185,7.853216388156072,910.6319123743116,151.5835398329741,115.24883791939912,-1.083601311687421,761.2698120958651,185.9695689241195,3054.0,96.98755730189916,1.2770137524557956,9.723160027008777,2.0,100.0,12.969701588628489,59.1,17.66544686500513,85.5,100.0,95.0,0.0
서울,송파구,5642.0,3159,246,2913,2442,0.7730294396961064,8.637993891561942,2111.7078511152904,49.59455676274474,181.08077197768398,35.850978164769764,1976.468418054578,47.3840904003537,5352.0,95.2727952167414,1.7563527653213753,16.473818395763875,20.0,90.0,13.351326760595763,61.9,24.80486739793986,91.8,100.0,95.0,0.0
서울,양천구,2923.0,1355,117,1238,994,0.7335793357933579,7.980365765111246,1043.5834447717707,29.841078524998576,124.00254764841137,-5.647099822711644,888.529101301335,39.33139592015971,2129.0,88.86801315171442,0.9394081728511038,13.477801268498943,14.0,142.85714285714286,12.941793086249145,63.7,35.17727703044847,90.0,100.0,95.0,0.0
서울,영등포구,3302.0,2009,239,1770,1329,0.6615231458437033,8.102283624480073,1189.25881093588,68.9287463356298,133.0198658046833,79.67241099982031,1030.4870498255596,71.76343946288553,3484.0,94.77611940298507,3.0424799081515497,17.534827377347064,39.0,94.87179487179488,12.9012153337397,70.7,29.61712381215401,88.7,100.0,95.0,0.0
서울,용산구,2019.0,1459,134,1325,1111,0.7614804660726525,7.610357618312838,701.9387424738075,107.85289537632865,100.2095354432272,33.71980960426315,566.6470858234695,133.83160932954735,1959.0,92.90454313425217,1.2761613067891782,15.879120879120878,14.0,164.28571428571428,12.222934679005357,52.4,29.591638497525626,82.0,100.0,95.0,0.0
서울,은평구,2752.0,1955,200,1755,1586,0.8112531969309463,7.920083199053234,978.2895399650325,99.83858767107728,119.7724092960812,66.9833655141675,825.7400055311392,112.53663238359567,2831.0,95.79653832567998,2.4373013069586715,8.81268436578171,9.0,133.33333333333334,13.01286542546027,44.7,18.21522162345174,87.6,100.0,95.0,0.0
서울,종로구,1577.0,928,91,837,599,0.6454741379310345,7.3632795869630385,538.6313388497359,72.28852706227103,86.92135836269196,4.6923353639842125,419.6227265150642,99.46488765068166,1334.0,94.45277361319341,2.848575712143928,21.746031746031747,8.0,112.5,11.880937896027742,34.9,33.90425423512928,78.5,100.0,95.0,0.0
서울,중구,1979.0,1329,167,1162,814,0.6124905944319037,7.590346945602565,687.0444419196679,93.43726823357264,99.06159694112337,68.5819784424184,553.0282431568007,110.11585111224362,1923.0,90.5876235049402,5.200208008320333,17.68082663605052,6.0,100.0,11.751146773450785,63.3,20.251324099722993,86.5,100.0,95.0,0.0
서울,중랑구,2524.0,1772,186,1586,1467,0.8278781038374717,7.8336002236611035,891.6863429590856,98.72458673299509,113.95449973151369,63.22304115961328,743.3298183820466,113.36423762094383,2438.0,93.02707136997539,4.675963904840033,10.185185185185185,6.0,83.33333333333333,12.834857289466365,50.0,20.332345113364553,84.0,100.0,95.0,0.0
세종,세종특별자치시,5767.0,3428,310,3118,2605,0.7599183197199533,8.659907293615413,2161.8914410767006,58.56485366780171,183.3799474777096,69.04792713918812,2029.8308149954155,53.60886123935615,6539.0,93.60758525768466,1.9727787123413367,12.007841855905896,81.0,122.8395061728395,12.874301938127156,87.7,6.559460960496353,94.9,65.0,62.0,0.0
울산,남구,2721.0,1317,229,1088,792,0.6013667425968109,7.908754738783246,966.4832754540845,36.26723125459483,118.99372856163858,92.44711697673911,814.4455622018363,33.58781120479251,3018.0,93.96951623591782,4.075546719681909,8.709449929478138,60.0,117.5,12.628643938341021,79.0,29.64995868571984,87.4,121.0,121.0,0.0
울산,동구,792.0,380,46,334,251,0.6605263157894737,6.674561391814426,257.46218282901333,47.5944916742848,58.46697406461012,-21.32310464850333,181.64592860366804,83.87420107210453,789.0,96.95817490494296,2.2813688212927756,9.019607843137255,18.0,108.33333333333333,11.972045077613885,76.2,41.703416687298834,87.8,121.0,121.0,0.0
울산,북구,2154.0,1181,182,999,779,0.65961049957663,7.675081857716334,752.3613087217152,56.972452770937274,104.01441327438873,74.97575025480965,613.0362135102354,62.959377926426605,2340.0,94.61538461538461,2.051282051282051,9.43992773261066,38.0,111.84210526315789,12.2803495319885,86.9,9.271547749059582,92.8,121.0,121.0,0.0
울산,울주군,2917.0,1013,167,846,480,0.4738400789733465,7.978310969867722,1041.2876890478142,-2.7166065003304984,123.8559288601013,34.83407822053566,886.3122544628604,-4.548312884073935,2127.0,95.29854254818993,1.5984955336154207,11.100148001973361,57.0,113.15789473684211,12.32057474925528,66.9,21.29776711781166,89.0,121.0,121.0,0.0
울산,중구,1662.0,797,102,695,489,0.6135508155583438,7.415776975415394,569.8067853550891,39.871974234797825,89.58877981648169,13.85354305409907,447.27731249319686,55.38458593527948,1495.0,97.25752508361204,1.1371237458193981,8.390646492434662,28.0,148.21428571428572,12.22472755562734,67.6,32.76702717752125,80.9,121.0,121.0,0.0
인천,강화군,2733.0,336,66,270,52,0.15476190476190477,7.913155185928068,971.0523029670345,-65.39836227427116,119.29559756072167,-44.675242549159556,818.8143293063775,-67.0254915752734,448.0,86.60714285714286,4.241071428571429,5.927835051546391,34.0,167.64705882352942,11.102080913567551,9.2,30.61700404858299,91.0,107.0,104.0,1.0
인천,계양구,14975.0,865,108,757,619,0.715606936416185,9.61413742298365,6011.738634240868,-85.61148358857041,317.65794605447974,-66.00116529700234,6475.594853634489,-88.30995426504907,2186.0,91.99451052150046,4.025617566331198,10.939830929885629,17.0,150.0,12.537532340327843,67.7,37.17639805704322,88.9,107.0,104.0,1.0
인천,남동구,8627.0,1849,108,1741,1476,0.7982693347755544,9.062652099076578,3328.8927754270344,-44.45600610362681,231.23804820795473,-53.294883416904426,3312.0991148028775,-47.435147933258115,4536.0,91.26984126984127,3.9462081128747792,11.908212560386474,26.0,151.92307692307693,13.10810216805206,71.5,27.60271440308412,88.6,107.0,104.0,1.0
인천,동구,533.0,198,28,170,153,0.7727272727272727,6.278521424165844,168.41021425016535,17.570065973480943,46.5457175614399,-39.84408992505,112.23343187541447,51.47001847783621,,,,,1.0,100.0,10.967232305875163,72.5,31.936580828925187,78.8,107.0,104.0,0.0
인천,미추홀구,4656.0,1150,147,1003,737,0.6408695652173914,8.445911989411274,1718.7999349416796,-33.092852948064575,162.12191578380967,-9.32749635402459,1564.8524299423898,-35.9044993119942,3388.0,94.53955135773317,1.7414403778040142,10.802372775522947,11.0,136.36363636363637,12.952260467976467,56.5,30.92266101371951,79.1,107.0,104.0,1.0
인천,부평구,5255.0,1423,105,1318,999,0.702037947997189,8.566935283311052,1956.8526795553364,-27.28118908147168,173.8216771746155,-39.593264944440456,1812.8920844387267,-27.298485590329324,3859.0,95.10235812386628,2.4358642135268203,10.735694822888284,19.0,136.8421052631579,13.132085959552452,70.3,33.55889560907804,89.5,107.0,104.0,1.0
인천,서구,9178.0,3424,198,3226,2728,0.7967289719626168,9.124564594954778,3557.2817327745515,-3.7467297444162995,239.62972292993655,-17.37252057922227,3571.0196076839807,-9.66165536984398,,,,,44.0,170.45454545454547,13.359908328947608,74.5,16.022124490897493,90.9,107.0,104.0,0.0
인천,연수구,9272.0,2975,185,2790,2470,0.8302521008403362,9.134754385019587,3596.3447028190158,-17.27711757807785,241.03975140223525,-23.24917407864352,3615.532734143326,-22.832948692384882,6183.0,92.44703218502345,5.094614264919942,15.622813156053184,29.0,153.44827586206895,12.941778711341982,92.1,21.659521764867726,94.8,107.0,104.0,0.0
인천,옹진군,216.0,44,10,34,0,0.0,5.375278407684165,63.96394319830189,-31.211245273621422,27.670774735937414,-63.86078779712481,37.430263085134754,-9.164410833374736,82.0,81.70731707317073,3.6585365853658534,0.0,7.0,121.42857142857143,9.862248804519531,5.2,24.89048843187661,83.1,107.0,104.0,1.0
인천,중구,3021.0,1375,182,1193,814,0.592,8.013343181386672,1081.1282195283065,27.181954477139534,126.37952010774833,44.010675024585396,924.8754667355905,28.990339014048327,,,,,20.0,147.5,12.013318861789777,72.2,13.562372047244091,88.4,107.0,104.0,0.0
전남,강진군,457.0,108,44,64,25,0.23148148148148148,6.124683390894205,142.81088959783284,-24.3755148475464,42.600245781787734,3.285789066528544,93.0889146814077,-31.248527046386886,,,,,37.0,158.1081081081081,10.34309640521113,13.6,49.98899844317593,78.0,102.0,101.0,0.0
전남,고흥군,698.0,195,81,114,27,0.13846153846153847,6.548219102762372,224.85616928906668,-13.277896436403624,54.36487318918094,48.993265776842954,155.78252928201803,-26.821062332591737,,,,,21.0,121.42857142857143,10.981488887300113,11.9,50.87082220243396,67.9,120.0,120.0,0.0
전남,곡성군,502.0,116,39,77,8,0.06896551724137931,6.218600119691729,157.93442884246156,-26.55179693864651,44.967241030551186,-13.270196022248692,104.34812584550946,-26.20854531302189,,,,,28.0,108.92857142857143,10.165467127635536,9.3,43.671428571428585,75.5,114.0,105.0,1.0
전남,광양시,2993.0,778,108,670,526,0.6760925449871465,8.0040315078527,1070.392091787778,-27.316353888547727,125.7037669197977,-14.083720284288038,914.4644552977061,-26.733073536261188,,,,,35.0,155.71428571428572,11.920987198925658,73.9,31.26815207300229,86.2,116.0,98.0,1.0
전남,구례군,333.0,96,30,66,6,0.0625,5.808142489980444,101.72338314460788,-5.626418398286692,35.50260153901371,-15.499150204434786,63.353251514208786,4.177762660212636,,,,,23.0,91.30434782608695,10.031176913677017,12.4,39.67023622047245,69.0,102.0,100.0,0.0
전남,나주시,2444.0,1134,155,979,601,0.5299823633156967,7.8013913202914855,861.4296438988598,31.641627152216124,111.86070538552869,38.56519093616604,714.7854696816387,36.96417198240487,,,,,52.0,134.6153846153846,11.678592434187278,55.2,28.860827363069102,85.0,138.0,100.0,0.0
전남,담양군,957.0,214,46,168,54,0.2523364485981308,6.863803391452954,315.3552470889579,-32.140022411095906,65.19752392393136,-29.445173326413286,228.63500884754845,-26.520439347055238,,,,,27.0,135.1851851851852,10.676138834208672,13.0,37.67441860465116,72.0,241.0,167.0,1.0
전남,목포시,1590.0,1119,102,1017,813,0.7265415549597856,7.371489295214277,543.3916957161563,105.92880031507067,87.33319825119587,16.794073780074005,423.8318692263297,139.95364054535355,,,,,22.0,111.36363636363636,12.277001641517879,74.0,31.904947024615627,81.5,107.0,81.0,0.0
전남,무안군,1322.0,511,100,411,238,0.4657534246575342,7.186901020411631,445.8538851260165,14.611539126898165,78.52764201753796,27.34369380105226,338.63640642535614,21.36911218097117,,,,,53.0,144.33962264150944,11.439418850426307,51.5,26.340350145894124,85.6,242.0,163.0,0.0
전남,보성군,522.0,144,63,81,31,0.2152777777777778,6.257667587882639,164.68785674620793,-12.561859237799744,45.99018647856212,36.985745925093894,109.42378079881316,-25.97587159876443,,,,,41.0,119.51219512195122,10.4921904642226,12.8,50.647866419295,69.3,945.0,615.0,0.0
전남,순천시,3955.0,1578,171,1407,1006,0.6375158428390367,8.282735880201754,1443.0175848877534,9.354176728397,147.5839365823265,15.866268348663649,1283.272070667827,9.641597612872843,,,,,68.0,120.58823529411765,12.51126059211162,71.0,29.9545773111355,85.7,95.0,95.0,0.0
전남,신안군,7628.0,178,49,129,11,0.06179775280898876,8.93958096672031,2917.519685228044,-93.89892719828943,215.41950242937457,-77.25368434732844,2851.8293291461673,-95.47658765264812,,,,,19.0,150.0,10.47931409051953,0.6,67.2717391304348,73.6,119.0,95.0,1.0
전남,여수시,3454.0,1227,136,1091,698,0.5688671556642216,8.147288258706624,1248.029118636589,-1.6849862172736985,136.51175137275726,-0.3748771571759235,1088.4396149408394,0.23523446078355104,,,,,56.0,139.28571428571428,12.490721372036347,63.3,39.762461848370165,80.7,104.0,76.0,0.0
전남,영광군,1284.0,240,41,199,64,0.26666666666666666,7.157735484249907,432.13242181191293,-44.46146877994246,77.21997097219125,-46.90492694595149,326.83959361937156,-39.113863838739825,,,,,29.0,146.55172413793105,10.82001825561489,27.4,45.73763023132614,82.1,360.0,347.0,1.0
전남,영암군,886.0,248,55,193,121,0.4879032258064516,6.786716950605081,290.34782591874165,-14.585205101757282,62.36708199395698,-11.812452592652656,208.18152961340863,-7.292447913895439,,,,,42.0,163.0952380952381,11.007468736193116,39.7,31.90623868838497,86.4,103.0,103.0,0.0
전남,완도군,483.0,107,29,78,15,0.14018691588785046,6.180016653652572,151.53653044268665,-29.38996314128429,43.9793027702376,-34.059891418684884,99.56647603273385,-21.660378966956273,,,,,20.0,150.0,10.78274078630772,11.4,54.23793103448277,60.3,145.0,95.0,1.0
전남,장성군,753.0,191,45,146,62,0.32460732984293195,6.6240652277998935,243.89840484262183,-21.68870471980131,56.791574903287476,-20.76289471346374,170.83010876975072,-14.534972171221517,,,,,30.0,108.33333333333333,10.598308331848083,22.5,38.31695331695332,77.5,115.0,98.0,0.0
전남,장흥군,486.0,125,30,95,22,0.176,6.186208623900494,152.54554206062997,-18.057257975904573,44.13637482867829,-32.02885348774264,100.31881832739171,-5.301914851143563,,,,,18.0,158.33333333333334,10.414843035901725,15.2,48.23229166666667,75.7,154.0,98.0,0.0
전남,진도군,407.0,73,30,43,6,0.0821917808219178,6.008813185442595,126.13253774000697,-42.12437067549326,39.85092806297875,-24.71944454445516,80.85747210682078,-46.82000453440751,,,,,15.0,176.66666666666666,10.290381275058857,10.2,58.506562499999994,76.2,116.0,97.0,1.0
전남,함평군,742.0,108,48,60,13,0.12037037037037036,6.60934924316738,240.08172320106647,-55.01531788425606,56.312413315260045,-14.761245036194303,167.8010169408462,-64.24336330384016,,,,,27.0,129.62962962962962,10.275361405649203,8.8,50.88695652173914,77.2,77.0,77.0,1.0
전남,해남군,981.0,261,80,181,83,0.31800766283524906,6.8885724595653635,323.8391404095827,-19.404430338502475,66.13398252271948,20.96655448281377,235.6244987513715,-23.182860458415533,,,,,55.0,139.0909090909091,11.035985837203375,18.7,49.501523847219474,81.7,66.0,62.0,0.0
전남,화순군,699.0,386,55,331,204,0.5284974093264249,6.54965074223381,225.20145593804722,71.40208902831799,54.40970418571797,1.0849090674471595,156.05390327867067,112.10619731114461,,,,,42.0,145.23809523809524,10.98823753521109,47.4,30.623819959541464,79.1,138.0,111.0,0.0
전북,고창군,772.0,227,60,167,61,0.2687224669603524,6.648984550024776,250.50025678714388,-9.381330418001376,57.61227933918123,4.144464840145501,176.08463534217765,-5.15924363560959,330.0,86.66666666666667,2.727272727272727,10.48951048951049,44.0,154.54545454545453,10.846829089886597,17.0,44.46258685195083,85.6,141.0,99.0,0.0
전북,군산시,4230.0,1646,314,1332,1055,0.6409477521263669,8.349957272040324,1550.8193630391806,6.137441872939431,153.40799187661472,104.68294784312712,1392.5496019629882,-4.348110966936847,3288.0,88.13868613138686,4.257907542579075,9.627329192546584,76.0,136.18421052631578,12.489268419577598,71.6,30.782430842069665,87.7,157.0,103.0,0.0
전북,김제시,1475.0,439,118,321,143,0.32574031890660593,7.29641326877392,501.3803430816858,-12.441720929518507,83.6385311307827,41.083300250081464,386.86063818400805,-17.024383378254626,637.0,86.65620094191523,6.436420722135009,7.065217391304348,29.0,146.55172413793105,11.285924483328714,33.2,46.05804427713543,84.4,106.0,75.0,0.0
전북,남원시,1468.0,361,95,266,170,0.4709141274238227,7.291656209174461,498.8305360818066,-27.630733508103212,83.40976184717154,13.895541596275995,384.62976064474606,-30.84258494347648,678.0,80.08849557522124,12.536873156342182,9.023941068139964,68.0,116.17647058823529,11.208856524867436,38.3,35.64351890493281,80.7,131.0,98.0,1.0
전북,무주군,380.0,181,42,139,27,0.14917127071823205,5.940171252720432,117.18615966624199,54.45509991581452,38.30666423135287,9.641496702352503,74.38377295484696,86.8687140734,276.0,93.84057971014492,1.8115942028985508,8.494208494208493,24.0,147.91666666666666,10.039066846777951,16.2,33.94333748443338,76.8,151.0,102.0,0.0
전북,부안군,668.0,273,71,202,62,0.2271062271062271,6.504288173536645,214.51429840647432,27.2642439352474,53.007012655204846,33.944541379523294,147.68073662962024,36.781549584636196,413.0,89.58837772397095,3.87409200968523,10.0,58.0,146.55172413793105,10.744257006317746,25.3,43.14130812270886,84.5,141.0,92.0,0.0
전북,순창군,361.0,83,28,55,19,0.2289156626506024,5.8888779583328805,110.91768436244467,-25.16973242176452,37.19189482673303,-24.714779576452283,69.88694866550681,-21.30147180521328,211.0,97.6303317535545,0.47393364928909953,12.62135922330097,22.0,136.36363636363637,10.146198409342867,15.3,38.42059859154929,80.0,98.0,97.0,0.0
전북,완주군,1353.0,538,97,441,255,0.4739776951672863,7.210079628170788,457.06873927932503,17.706584101175228,79.58265646787783,21.885853407208632,348.31455237165096,26.609697182405935,1133.0,92.05648720211828,1.9417475728155338,13.998082454458293,42.0,132.14285714285714,11.541289378859654,53.2,18.493142695889382,87.8,98.0,98.0,0.0
전북,익산시,4073.0,1412,190,1222,922,0.6529745042492918,8.312135107648412,1489.2105485787702,-5.184663018433233,150.10337192360402,26.579434935480073,1329.9677589157882,-8.118073403809822,2565.0,89.31773879142301,5.263157894736842,11.436054124836316,55.0,150.0,12.514997484250605,65.7,35.47382583797491,86.9,201.0,101.0,0.0
전북,임실군,429.0,150,88,62,19,0.12666666666666668,6.061456918928017,133.45389432769076,12.398368556919692,41.07732468807889,114.2301151991493,86.2015938998043,-28.07557587384616,233.0,90.55793991416309,3.004291845493562,8.530805687203792,26.0,182.69230769230768,10.097202293159526,14.9,42.73083700440528,79.9,116.0,107.0,0.0
전북,장수군,412.0,79,52,27,5,0.06329113924050633,6.021023349349527,127.79404231927833,-38.18178174329299,40.13207591214505,29.572165949839135,82.06669637776928,-67.09993067624697,127.0,90.5511811023622,2.3622047244094486,11.304347826086957,25.0,144.0,9.895354569305939,8.7,30.831781914893615,80.5,163.0,96.0,1.0
전북,전주시 덕진구,4515.0,1855,192,1663,1388,0.7482479784366577,8.415160465851086,1663.0733108083323,11.540482788361395,159.27669068959773,20.544945508802815,1507.4295520098287,10.320246659802578,3405.0,88.928046989721,3.2011747430249633,11.690885072655217,47.0,180.85106382978722,12.683014648494206,76.8,24.176570332034657,87.9,174.0,104.0,0.0
전북,전주시 완산구,3663.0,1767,147,1620,1382,0.7821165817770233,8.206037762778815,1329.140506677489,32.9430553897607,141.20839416585594,4.101460021804049,1169.0234848084663,38.57719892303293,3480.0,92.1264367816092,1.9827586206896552,9.981285090455398,43.0,210.46511627906978,12.698956269957725,80.1,26.521398920267565,86.9,174.0,104.0,0.0
전북,정읍시,1861.0,480,94,386,222,0.4625,7.528869256642251,643.2336633354666,-25.37703989076442,95.6164595797254,-1.6905662339208316,513.201565968488,-24.78588811950323,953.0,86.88352570828961,7.450157397691501,9.782608695652174,50.0,169.0,11.531619635017343,43.3,39.17788556395922,84.1,51.0,51.0,0.0
전북,진안군,423.0,92,44,48,8,0.08695652173913043,6.0473721790462776,131.45442720352335,-30.01376830195177,40.74555358834586,7.987243085549811,84.73810652158147,-43.35488250758217,195.0,63.589743589743584,33.33333333333333,10.483870967741936,35.0,117.14285714285714,10.036925190765844,9.1,30.667400881057272,83.9,145.0,86.0,1.0
제주,서귀포시,10846.0,3526,735,2791,794,0.2251843448667045,9.291551627401006,4254.473672649472,-17.12253333079895,263.8130374674274,178.6063975669699,4374.807962905717,-36.20291396410834,2999.0,88.06268756252084,4.90163387795932,14.350624763347216,151.0,126.82119205298014,,,,,,,
제주,제주시,40038.0,7176,1274,5902,2586,0.3603678929765886,10.597584282131661,17249.075883236717,-58.39777128597423,559.5943576801835,127.6649116480388,21405.506650141433,-72.42765566606664,5723.0,87.10466538528743,3.5121439804298444,15.26579739217653,187.0,140.37433155080214,,,,,,,
충남,계룡시,893.0,257,35,222,183,0.7120622568093385,6.794586580876499,292.8071389726494,-12.228915967787957,62.65031338251943,-44.13435765867113,210.18283574231356,5.622326017227408,527.0,95.44592030360532,2.0872865275142316,14.7117296222664,11.0,172.72727272727272,10.71499537968092,89.4,4.085391969407266,92.8,108.0,108.0,0.0
충남,공주시,1658.0,542,168,374,171,0.3154981549815498,7.4133673356952405,568.3370906780731,-4.634061564880576,89.46457116518624,87.7838319817204,445.9689417332262,-16.13765780494132,771.0,90.14267185473412,2.9831387808041505,11.798561151079138,52.0,150.0,11.555917902374308,42.4,34.97425719988594,84.8,197.0,162.0,0.0
충남,금산군,853.0,210,29,181,61,0.2904761904761905,6.748759547491679,278.77287740894855,-24.669859581806275,61.01885745336056,-52.4737086036624,198.79306536041457,-8.950546302083273,243.0,83.9506172839506,4.526748971193416,11.27450980392157,13.0,130.76923076923077,10.882039213803797,24.6,36.18664323374341,75.0,130.0,78.0,0.0
충남,논산시,1761.0,485,89,396,183,0.37731958762886597,7.473637108496206,606.2612572653308,-20.001485467223358,92.62361087732775,-3.912189174018399,479.8728623500843,-17.478142427003107,647.0,91.19010819165379,2.7820710973724885,11.864406779661017,31.0,122.58064516129032,11.650005553518493,36.6,38.50460876171182,83.7,121.0,111.0,0.0
충남,당진시,3375.0,1115,185,930,715,0.6412556053811659,8.12415060330663,1217.4603233732494,-8.41590657257395,134.70521326988026,37.33692669292223,1058.2492995200616,-12.119006322822557,1925.0,94.07792207792208,3.9480519480519485,12.589729431253453,36.0,137.5,12.087936422510476,57.4,18.97382179675994,87.3,115.0,100.0,0.0
충남,보령시,1443.0,441,150,291,112,0.25396825396825395,7.274479558773871,489.73123353626477,-9.950607639293274,82.58892482184663,81.62241526156981,376.68112557932034,-22.746328329444765,759.0,93.0171277997365,2.635046113306983,5.6657223796034,98.0,137.75510204081633,11.473997508959393,41.9,34.36521895190237,87.9,98.0,92.0,0.0
충남,부여군,1141.0,222,55,167,62,0.27927927927927926,7.039660349862076,380.76439481349837,-41.69622921052335,72.14473135166318,-23.76435677345957,283.1344297235874,-41.01741700469446,283.0,94.69964664310953,0.0,11.940298507462686,31.0,135.48387096774192,11.00093249345223,16.7,47.3031459634513,85.9,76.0,64.0,1.0
충남,서산시,2932.0,853,135,718,565,0.6623681125439624,7.983440063006542,1047.027712495569,-18.53128720281032,124.22223665519431,8.676194886686606,891.85621213547,-19.493749078585974,1496.0,93.18181818181817,1.2032085561497325,13.127690100430417,74.0,135.8108108108108,12.092825556894072,59.0,23.653087815911096,91.1,100.0,100.0,0.0
충남,서천군,841.0,198,57,141,37,0.18686868686868688,6.734591659972948,274.57170503598104,-27.887689675069304,60.523126130344664,-5.821123850670141,195.39830363144128,-27.839701072352664,335.0,89.55223880597015,5.970149253731343,10.0,31.0,120.96774193548387,10.79086427424564,19.1,42.895494613124384,83.9,118.0,90.0,1.0
충남,아산시,5496.0,2156,245,1911,1292,0.5992578849721707,8.611775833902186,2053.1945167614263,5.007099054634745,178.3677933597404,37.35663562640632,1914.4636314365814,-0.18091915561656569,4283.0,92.20172776091525,4.342750408592108,10.584958217270195,78.0,158.33333333333334,12.88031474587802,77.5,12.057938173838371,91.4,74.0,74.0,0.0
충남,예산군,1600.0,448,94,354,175,0.390625,7.3777589082278725,547.0554116142882,-18.10701612876634,87.6490269184238,7.24591396489449,427.0747303316914,-17.11052542840389,731.0,91.92886456908344,2.188782489740082,9.672619047619047,54.0,144.44444444444446,11.287880106366423,37.0,35.29912210694333,91.0,115.0,83.0,0.0
충남,천안시 동남구,3216.0,1543,138,1405,1030,0.6675307841866494,8.075893630298857,1156.092563038334,33.4668217175303,131.01397227784474,5.332276856196527,997.9504992423603,40.78854623216983,2497.0,92.11053263916699,3.2839407288746494,12.65217391304348,64.0,152.34375,12.541190393817518,72.1,17.950237114423633,87.3,137.0,124.0,0.0
충남,천안시 서북구,5010.0,2204,159,2045,1604,0.7277676950998185,8.51919119407891,1859.236576174548,18.543278905087824,169.10848337702126,-5.977514063847855,1710.6602269395153,19.544487432120917,4001.0,93.62659335166208,2.449387653086728,12.386545648691937,39.0,143.5897435897436,12.936380726978246,84.2,12.996442664267954,93.1,137.0,124.0,0.0
충남,청양군,465.0,83,15,68,17,0.20481927710843373,6.142037405587356,145.4919988878512,-42.952189375047055,43.02803607561242,-65.13900849752761,95.07375300497574,-28.476579654490784,156.0,91.66666666666666,2.564102564102564,10.48951048951049,9.0,188.88888888888889,10.302867516988345,12.2,40.06183953033268,86.9,40.0,39.0,1.0
충남,태안군,936.0,355,60,295,124,0.3492957746478873,6.841615476477592,307.9443470712801,15.280570458995268,64.36991756554173,-6.788757436410043,222.55011846513455,32.55441157907795,444.0,88.73873873873875,2.4774774774774775,9.898477157360407,41.0,163.41463414634146,11.015575304605662,23.9,29.77516066838046,88.5,62.0,58.0,0.0
충남,홍성군,1494.0,515,87,428,312,0.6058252427184466,7.309212365692763,508.30561638944636,1.3169997329765204,84.25716583151937,3.2553126388860543,392.9273720198357,8.925982376812836,1011.0,95.84569732937686,1.1869436201780417,8.875128998968009,34.0,127.94117647058823,11.534471669391213,51.3,25.03685258964143,92.0,128.0,103.0,0.0
충북,괴산군,663.0,170,69,101,35,0.20588235294117646,6.4967749901858625,212.79385297838996,-20.11047423570823,52.778207579814726,30.735777443092573,146.3379601066979,-30.981681085099922,203.0,92.11822660098522,1.477832512315271,12.299465240641712,43.0,112.79069767441861,10.527981089779026,8.2,34.604,81.6,62.0,62.0,0.0
충북,단양군,520.0,140,53,87,31,0.22142857142857142,6.253828811575473,164.01166580306267,-14.640218234168001,45.88864921357666,15.49697127349603,108.91429823490742,-20.120680746289576,231.0,84.84848484848484,2.1645021645021645,14.795918367346939,40.0,103.75,10.18855370645454,22.0,43.63961280714817,79.7,94.0,94.0,0.0
충북,보은군,661.0,113,47,66,8,0.07079646017699115,6.493753839851686,212.10593516593522,-46.72473454757522,52.686480693945235,-10.793054724945272,145.80145997318783,-54.732963571052665,169.0,89.3491124260355,4.142011834319527,15.894039735099339,19.0,189.47368421052633,10.304208089613535,19.9,42.755888972243056,84.7,115.0,114.0,1.0
충북,영동군,937.0,148,76,72,32,0.21621621621621623,6.842683282238422,308.2969785793989,-51.99433978173613,64.40950488246867,17.995007318688614,222.83921296678344,-67.68970817953284,225.0,91.11111111111111,3.111111111111111,8.780487804878048,53.0,162.26415094339623,10.685789644406967,20.6,39.53444558521561,80.3,97.0,97.0,1.0
충북,옥천군,861.0,188,52,136,88,0.46808510638297873,6.7580945044277305,281.5760207192141,-33.23295090263654,61.34770255232396,-15.237249584613588,201.06197949464368,-32.35916589410528,303.0,93.72937293729373,2.6402640264026402,8.098591549295776,34.0,117.6470588235294,10.766715003467674,28.9,39.28555002574223,80.5,103.0,102.0,1.0
충북,음성군,1373.0,536,105,431,293,0.5466417910447762,7.224753405767971,464.313951541188,15.439132987683424,80.25787384395973,30.828285090313766,354.58402342573635,21.550879770607633,1080.0,86.01851851851852,6.666666666666667,10.54897739504844,57.0,114.03508771929825,11.577326476653807,51.5,23.596919455531676,89.5,132.0,102.0,0.0
충북,제천시,2322.0,791,140,651,472,0.5967130214917825,7.7501841622578365,815.4256694468738,-2.995450151016521,108.61081243340945,28.900610227766798,671.6438929196677,-3.0736366603331566,1180.0,89.40677966101694,2.711864406779661,11.18483412322275,37.0,110.8108108108108,11.780912354353491,56.7,32.65008248880509,83.6,63.0,57.0,0.0
충북,증평군,407.0,129,22,107,63,0.4883720930232558,6.008813185442595,126.13253774000697,2.273372367963966,39.85092806297875,-44.79425933260045,80.85747210682078,32.33161662368362,326.0,97.23926380368098,0.9202453987730062,11.041009463722396,5.0,140.0,10.550067097279738,68.8,28.672861212061683,84.2,60.0,60.0,0.0
충북,진천군,1578.0,574,123,451,314,0.5470383275261324,7.363913501405819,538.9974204374302,6.494016155803317,86.95308936235294,41.455583581891545,419.9462418164483,7.3946984378835845,922.0,94.90238611713666,1.193058568329718,12.22857142857143,35.0,148.57142857142858,11.477754141958787,61.0,18.89230839167197,91.7,930.0,809.0,0.0
충북,청주시 상당구,2989.0,1201,72,1129,1008,0.839300582847627,8.002694162283937,1068.8589461794534,12.362814971318127,125.6070122161105,-42.67835948830475,912.9788778785838,23.661130323558766,2193.0,96.48882808937529,1.1399908800729595,11.011342155009451,12.0,116.66666666666667,12.18331054330496,74.4,20.361770069596936,86.5,123.0,109.0,0.0
충북,청주시 서원구,2738.0,1109,90,1019,926,0.8349864743011722,7.914983005848394,972.9564898773922,13.98248652822609,119.42121030781811,-24.636503207413906,820.6358716863386,24.17200309633547,1834.0,95.69247546346783,1.7993456924754636,11.054131054131053,28.0,130.35714285714286,12.159918753340103,79.1,27.96170359209033,86.3,123.0,109.0,0.0
충북,청주시 청원구,3068.0,1181,123,1058,806,0.6824724809483489,8.028781162487148,1099.1656099480354,7.445137412535452,127.507876091106,-3.5353706996774537,942.3978620451378,12.266808172080212,2135.0,92.88056206088993,3.1381733021077283,13.161875945537066,34.0,161.76470588235293,12.185063490672253,74.0,24.512840435102643,86.6,123.0,109.0,0.0
충북,청주시 흥덕구,4984.0,1563,138,1425,1227,0.7850287907869482,8.51398806046729,1848.8971289381507,-15.463117144994742,168.60262685801916,-18.150741437611018,1699.8734005390477,-16.17022776236645,3532.0,94.13929784824462,2.066817667044168,13.473684210526315,35.0,120.0,12.581243481004737,79.1,21.32979618791112,86.8,123.0,109.0,0.0
충북,충주시,3802.0,1201,178,1023,710,0.5911740216486261,8.243282523048375,1383.2708976090794,-13.1768041910031,144.26921522805938,23.380445175791188,1223.1731390086336,-16.36506988461759,2168.0,91.09778597785979,3.505535055350553,12.556962025316457,82.0,145.73170731707316,12.282589143427153,58.5,31.115884835450224,84.8,115.0,107.0,0.0
